Wordlist,Part of speech,english-profile,Definition,Example,Unit,,,,,,,,,,,,,,,,,,,,,,
a,determiner,A1,used before a noun to mean one thing or person,a sentence,Unit 1,,,,,,,,,,,,,,,,,,,,,,
about,preposition,A1,relating to a particular subject,What about you?,Unit 1,,,,,,,,,,,,,,,,,,,,,,
an,determiner,A1,used instead of 'a' when the next word starts with a vowel sound,an apartment,Unit 1,,,,,,,,,,,,,,,,,,,,,,
and,conjunction,A1,used to join two words or two parts of a sentence,tea and coffee,Unit 1,,,,,,,,,,,,,,,,,,,,,,
apartment,noun,A2,a set of rooms for someone to live in on one level of a building or house,I live in an apartment in Dubai.,Unit 1,,,,,,,,,,,,,,,,,,,,,,
are,verb,A1,PRESENT SIMPLE you/we/they of be,Are you from England?,Unit 1,,,,,,,,,,,,,,,,,,,,,,
bed,noun,A1,a piece of furniture that you sleep on,What time did you go to bed last night?,Unit 1,,,,,,,,,,,,,,,,,,,,,,
big,adjective,A1,large in size or amount,I come from a big family.,Unit 1,,,,,,,,,,,,,,,,,,,,,,
boy,noun,A1,a male child or young man,We've got three children - a boy and two girls.,Unit 1,,,,,,,,,,,,,,,,,,,,,,
bye,exclamation,A1,goodbye,"Bye, see you tomorrow.",Unit 1,,,,,,,,,,,,,,,,,,,,,,
campus,noun,B2,the land and buildings belonging to a college or university,The university campus is near the hospital.,Unit 1,,,,,,,,,,,,,,,,,,,,,,
car,noun,A1,"a vehicle with an engine, four wheels, and seats for a few people",My brother has an old car.,Unit 1,,,,,,,,,,,,,,,,,,,,,,
chair,noun,A1,"a seat for one person, with a back and usually four legs",This is a chair.,Unit 1,,,,,,,,,,,,,,,,,,,,,,
child,noun,A1,"a son or daughter, also when they are adults",We have only one child – a boy.,Unit 1,,,,,,,,,,,,,,,,,,,,,,
children,noun,A1,the plural of 'child',We've got three children - a boy and two girls.,Unit 1,,,,,,,,,,,,,,,,,,,,,,
China,noun,,a country in Asia,We're from China.,Unit 1,,,,,,,,,,,,,,,,,,,,,,
desk,noun,A1,a table that you sit at to write or work,This is a desk.,Unit 1,,,,,,,,,,,,,,,,,,,,,,
door,noun,A1,the part of a building or room that you open or close to get inside it or out of it,Please shut the door behind you.,Unit 1,,,,,,,,,,,,,,,,,,,,,,
eat,verb,A1,to put food into your mouth and then swallow it,Who ate all the cake?,Unit 1,,,,,,,,,,,,,,,,,,,,,,
eight,number,A1,the number 8,We have eight children.,Unit 1,,,,,,,,,,,,,,,,,,,,,,
England,noun,,"a country in Europe, part of the United Kingdom",Are you from England?,Unit 1,,,,,,,,,,,,,,,,,,,,,,
father,noun,A1,your male parent,This is my father.,Unit 1,,,,,,,,,,,,,,,,,,,,,,
fine,adjective,A1,"well, healthy, or happy",I'm fine.,Unit 1,,,,,,,,,,,,,,,,,,,,,,
five,number,A1,the number 5,We have five children.,Unit 1,,,,,,,,,,,,,,,,,,,,,,
flat,noun,A1,"a set of rooms to live in, with all the rooms on one floor",a large block of flats,Unit 1,,,,,,,,,,,,,,,,,,,,,,
four,number,A1,the number 4,"We have nine children, five boys and four girls.",Unit 1,,,,,,,,,,,,,,,,,,,,,,
from,preposition,A1,"used to say where someone was born, or where someone lives or works",I'm from England,Unit 1,,,,,,,,,,,,,,,,,,,,,,
girl,noun,A1,a female child or young woman,We have three children - a boy and two girls.,Unit 1,,,,,,,,,,,,,,,,,,,,,,
goodbye,exclamation,A1,something you say when you leave someone or when they leave you,Goodbye Vicki! See you next week.,Unit 1,,,,,,,,,,,,,,,,,,,,,,
have,verb,A1,to own something,I have a flat in Paris.,Unit 1,,,,,,,,,,,,,,,,,,,,,,
hello,exclamation,A1,said when you meet someone or start talking with someone,"Hello, Christina, how are you?",Unit 1,,,,,,,,,,,,,,,,,,,,,,
hi,exclamation,A1,hello,Hi! How are you?,Unit 1,,,,,,,,,,,,,,,,,,,,,,
house,noun,A1,"a building where people live, usually one family or group",We went to my aunt's house for dinner.,Unit 1,,,,,,,,,,,,,,,,,,,,,,
how,adverb,A1,used to ask about someone's health,How are you?,Unit 1,,,,,,,,,,,,,,,,,,,,,,
I,pronoun,A1,used when the person speaking or writing is the subject of the verb,I've bought some chocolate.,Unit 1,,,,,,,,,,,,,,,,,,,,,,
in,preposition,A1,inside a container or place,It's in England,Unit 1,,,,,,,,,,,,,,,,,,,,,,
is,verb,A1,PRESENT SIMPLE he/she/it of be,Hello. My name is Peter Newman.,Unit 1,,,,,,,,,,,,,,,,,,,,,,
it,pronoun,A1,"the thing, animal or situation which has already been mentioned",It's in England.,Unit 1,,,,,,,,,,,,,,,,,,,,,,
kitchen,noun,A1,a room used to prepare and cook food in,"We have a big kitchen, where we eat.",Unit 1,,,,,,,,,,,,,,,,,,,,,,
know,verb,A1,to have information about something in your mind,I don't know.,Unit 1,,,,,,,,,,,,,,,,,,,,,,
letter,noun,A2,"one of the symbols (for example, a, j, p) that we use to write words",the letter K,Unit 1,,,,,,,,,,,,,,,,,,,,,,
live,verb,A1,to have your home somewhere,They live in New York.,Unit 1,,,,,,,,,,,,,,,,,,,,,,
married,adjective,A2,A married man or woman has a wife or husband.,a married couple,Unit 1,,,,,,,,,,,,,,,,,,,,,,
mother,noun,A1,your female parent,My mother's name is Sheila.,Unit 1,,,,,,,,,,,,,,,,,,,,,,
my,determiner,A1,belonging to the person who is speaking or writing,My name is Carlos.,Unit 1,,,,,,,,,,,,,,,,,,,,,,
name,noun,A1,"the word or group of words that is used to refer to a person, thing, or place",What's your name?,Unit 1,,,,,,,,,,,,,,,,,,,,,,
near,preposition,A1,not far away in distance,near London,Unit 1,,,,,,,,,,,,,,,,,,,,,,
new,adjective,A1,different from before,I need some new shoes.,Unit 1,,,,,,,,,,,,,,,,,,,,,,
new,adjective,A1,recently made,Their house is quite new.,Unit 1,,,,,,,,,,,,,,,,,,,,,,
nice,adjective,A1,pleasant,It's very nice.,Unit 1,,,,,,,,,,,,,,,,,,,,,,
Nice to meet you.,phrase ,,something that you say when you meet someone for the first time,Nice to meet you.,Unit 1,,,,,,,,,,,,,,,,,,,,,,
nine,number,A1,the number 9,We have nine children.,Unit 1,,,,,,,,,,,,,,,,,,,,,,
no,determiner,A1,not any,I have no children.,Unit 1,,,,,,,,,,,,,,,,,,,,,,
normal,adjective,A2,usual and ordinary,It's normal to be nervous on your first day.,Unit 1,,,,,,,,,,,,,,,,,,,,,,
not,adverb,A1,used to give something the opposite meaning,"No, he's not.",Unit 1,,,,,,,,,,,,,,,,,,,,,,
number,noun,A1,a symbol or word used in a counting system,What's the number of his house?,Unit 1,,,,,,,,,,,,,,,,,,,,,,
OK,adjective,A1,safe or healthy,Are you OK?,Unit 1,,,,,,,,,,,,,,,,,,,,,,
old,adjective,A1,having lived or existed for a long time,an old flat,Unit 1,,,,,,,,,,,,,,,,,,,,,,
one,number,A1,the number 1,"I have a flat in Paris. It's very small, only one room.",Unit 1,,,,,,,,,,,,,,,,,,,,,,
picture,noun,A1,"a drawing, painting, or photograph of something or someone",He's got pictures of his children on his desk.,Unit 1,,,,,,,,,,,,,,,,,,,,,,
question,noun,A1,a sentence or phrase that asks you for information,Is it OK if I ask you a few questions?,Unit 1,,,,,,,,,,,,,,,,,,,,,,
restaurant,noun,A1,a place where you can buy and eat a meal,an Italian restaurant,Unit 1,,,,,,,,,,,,,,,,,,,,,,
room,noun,A1,"a part of the inside of a building, which is separated from other parts by walls, floors, and ceilings",a hotel room,Unit 1,,,,,,,,,,,,,,,,,,,,,,
Russia,noun,,a country in Europe,Are you from Russia?,Unit 1,,,,,,,,,,,,,,,,,,,,,,
Saudi Arabia,noun,,a country in Western Asia,Saudi Arabia is the largest country in the Gulf.,Unit 1,,,,,,,,,,,,,,,,,,,,,,
See you.,phrase,A1,Goodbye (informal),See you (soon/there).,Unit 1,,,,,,,,,,,,,,,,,,,,,,
sentence,noun,A1,"a group of words, usually containing a verb, that expresses a complete idea",Practise saying the sentences.,Unit 1,,,,,,,,,,,,,,,,,,,,,,
seven,number,A1,the number 7,We have seven children.,Unit 1,,,,,,,,,,,,,,,,,,,,,,
six,number,A1,the number 6,We have six children.,Unit 1,,,,,,,,,,,,,,,,,,,,,,
small,adjective,A1,little in size or amount,We teach the children in small groups.,Unit 1,,,,,,,,,,,,,,,,,,,,,,
student,noun,A1,someone who is studying at a school or university,a law student,Unit 1,,,,,,,,,,,,,,,,,,,,,,
study,verb,A1,"to learn about a subject, usually at school or university",I studied biology before going into medicine.,Unit 1,,,,,,,,,,,,,,,,,,,,,,
teacher,noun,A1,"someone whose job is to teach in a school, college, etc",a science teacher,Unit 1,,,,,,,,,,,,,,,,,,,,,,
ten,number,A1,the number 10,We have ten children.,Unit 1,,,,,,,,,,,,,,,,,,,,,,
thanks,exclamation,A1,used to tell someone that you are pleased about something they have given you or done for you,Can you pass me the book? Thanks very much.,Unit 1,,,,,,,,,,,,,,,,,,,,,,
the USA,noun,,the United States of America,I'm from the USA.,Unit 1,,,,,,,,,,,,,,,,,,,,,,
think,verb,A1,to have an opinion about something or someone,I think it's about 3.00.,Unit 1,,,,,,,,,,,,,,,,,,,,,,
this,pronoun,A2,used to mean something or someone that is near you or that you are pointing to,This is a desk.,Unit 1,,,,,,,,,,,,,,,,,,,,,,
three,number,A1,the number 3,We have three children - a boy and two girls.,Unit 1,,,,,,,,,,,,,,,,,,,,,,
town,noun,A1,a place where people live and work which is larger than a village,It's a small town in the north of England.,Unit 1,,,,,,,,,,,,,,,,,,,,,,
two,number,A1,the number 2,We have two new apartments in Dubai.,Unit 1,,,,,,,,,,,,,,,,,,,,,,
university,noun,A1,a place where students study at a high level to get a degree (=type of qualification),Cambridge University,Unit 1,,,,,,,,,,,,,,,,,,,,,,
very,adverb,A1,used to make an adjective or adverb stronger,very good,Unit 1,,,,,,,,,,,,,,,,,,,,,,
we,pronoun,A1,used as the subject of the verb when the person speaking or writing is referring to themselves and one or more other people,My son and I both play golf and we love it.,Unit 1,,,,,,,,,,,,,,,,,,,,,,
what,pronoun,A1,used to ask for information about something,What's your name?,Unit 1,,,,,,,,,,,,,,,,,,,,,,
where,adverb,A1,used to ask about the place or position of someone or something,Where do you work?,Unit 1,,,,,,,,,,,,,,,,,,,,,,
window,noun,A1,"a space in the wall of a building or car that has glass in it, used for letting light and air inside and for looking through",Open the window if you're too hot.,Unit 1,,,,,,,,,,,,,,,,,,,,,,
with,preposition,A1,used to say that people or things are in a place together or are doing something together,Who did you go with?,Unit 1,,,,,,,,,,,,,,,,,,,,,,
with,preposition,A1,having or including something,with four rooms,Unit 1,,,,,,,,,,,,,,,,,,,,,,
word,noun,A!,a group of letters or sounds that mean something, 'home' is an English word,Unit1 ,,,,,,,,,,,,,,,,,,,,,,
you,pronoun,A1,used to mean the person or people you are talking to,Are you from England?,Unit 1,,,,,,,,,,,,,,,,,,,,,,
your,determiner,A1,belonging or relating to the person or people you are talking to,Can I borrow your pen?,Unit 1,,,,,,,,,,,,,,,,,,,,,,
at,preposition,A1,in a particular place or position,at university,Unit 2,,,,,,,,,,,,,,,,,,,,,,
bicycle,noun,A2,a vehicle with two wheels that you sit on and move by turning the two pedals (=parts you press with your feet),My brother has a bicycle.,Unit 2,,,,,,,,,,,,,,,,,,,,,,
brother,noun,A1,a boy or man who has the same parents as you,an older brother,Unit 2,,,,,,,,,,,,,,,,,,,,,,
café,noun,A1,a small restaurant where you can buy drinks and small meals,"I'm a student, but I also work in a café.",Unit 2,,,,,,,,,,,,,,,,,,,,,,
camera,noun,A1,a piece of equipment used to take photographs,My brother has a camera.,Unit 2,,,,,,,,,,,,,,,,,,,,,,
capital letter,noun,A2,a large letter of the alphabet used at the beginning of sentences and names,Write your answers in capital letters on the answer sheet.,Unit 2,,,,,,,,,,,,,,,,,,,,,,
company,noun,A2,an organization which sells things or services,a computer company,Unit 2,,,,,,,,,,,,,,,,,,,,,,
computer,noun,A1,an electronic machine that can store and arrange large amounts of information,We've put all our records on computer.,Unit 2,,,,,,,,,,,,,,,,,,,,,,
daughter,noun,A1,your female child,"This is my daughter, Molly.",Unit 2,,,,,,,,,,,,,,,,,,,,,,
doctor,noun,A1,a person whose job is to treat people who are ill or hurt,She's a doctor.,Unit 2,,,,,,,,,,,,,,,,,,,,,,
eighteen,number,A2,the number 18,He's 18 years old.,Unit 2,,,,,,,,,,,,,,,,,,,,,,
eleven,number,A2,the number 11,She's eleven years old.,Unit 2,,,,,,,,,,,,,,,,,,,,,,
family,noun,A1,"a group of people who are related to each other, especially parents and children",I'm from a big family.,Unit 2,,,,,,,,,,,,,,,,,,,,,,
fifteen,number,A2,the number 15,She's 15 years old.,Unit 2,,,,,,,,,,,,,,,,,,,,,,
for,preposition,B1,representing or working with an organization,I work for Dell.,Unit 2,,,,,,,,,,,,,,,,,,,,,,
for,preposition,A1,intended to be given to or used by someone or something,For a boy or a girl?,Unit 2,,,,,,,,,,,,,,,,,,,,,,
fourteen,number,A2,the number 14,He's 14 years old.,Unit 2,,,,,,,,,,,,,,,,,,,,,,
friend,noun,A1,someone who you know well and like,Sarah's my best friend (=the friend I like most).,Unit 2,,,,,,,,,,,,,,,,,,,,,,
full stop,noun,B1,a mark (.) that is put at the end of a sentence,Make sure you put a full stop at the end of a sentence. ,Unit 2,,,,,,,,,,,,,,,,,,,,,,
has,verb,A1,PRESENT SIMPLE he/she/it of have,He has an Australian wife.,Unit 2,,,,,,,,,,,,,,,,,,,,,,
he,pronoun,A1,used when talking about a man or male animal who has already been talked about,"When is Paul coming? ""He should be here soon.""",Unit 2,,,,,,,,,,,,,,,,,,,,,,
her,determiner,A1,belonging to a woman or girl who you have already talked about,her sister,Unit 2,,,,,,,,,,,,,,,,,,,,,,
his,determiner,A1,belonging to a man or boy who you have already talked about,his sister,Unit 2,,,,,,,,,,,,,,,,,,,,,,
hospital,noun,A1,a place where ill or injured people go to be treated by doctors and nurses,He was in hospital for two weeks.,Unit 2,,,,,,,,,,,,,,,,,,,,,,
hotel,noun,A1,a place where you pay to stay when you are away from home,He works in a hotel.,Unit 2,,,,,,,,,,,,,,,,,,,,,,
husband,noun,A1,the man someone is married to,This is my husband.,Unit 2,,,,,,,,,,,,,,,,,,,,,,
job,noun,A1,the work that you do in order to get money,What's your job?,Unit 2,,,,,,,,,,,,,,,,,,,,,,
less,adverb,A2,not as much,You should eat less.,Unit 2,,,,,,,,,,,,,,,,,,,,,,
listen,verb,A1,to give attention to someone or something in order to hear them,listen to the radio,Unit 2,,,,,,,,,,,,,,,,,,,,,,
lives,verb,A1,PRESENT SIMPLE he/she/it of live,My sister lives in Australia.,Unit 2,,,,,,,,,,,,,,,,,,,,,,
look (at),verb,A1,to turn your eyes in the direction of something or someone so that you can see them,Look at the picture on page two.,Unit 2,,,,,,,,,,,,,,,,,,,,,,
look for,verb,A1,to try to find someone or something,I'm looking for my keys.,Unit 2,,,,,,,,,,,,,,,,,,,,,,
manager,noun,A2,"someone in control of an office, shop, team, etc",She's the manager of the local sports club.,Unit 2,,,,,,,,,,,,,,,,,,,,,,
marketing,noun,B2,work that involves encouraging people to buy a product or service,a marketing manager,Unit 2,,,,,,,,,,,,,,,,,,,,,,
maybe,adverb,A2,possibly,Maybe we're too early.,Unit 2,,,,,,,,,,,,,,,,,,,,,,
mobile,noun,A1,a mobile phone,mobile phone,Unit 2,,,,,,,,,,,,,,,,,,,,,,
mp3 player,noun,A2,a piece of electronic equipment or a computer program for playing audio that has been stored as MP3 files (=collections of information),I have an mp3 player.,Unit 2,,,,,,,,,,,,,,,,,,,,,,
nineteen,number,A2,the number 19,She's 19 years old.,Unit 2,,,,,,,,,,,,,,,,,,,,,,
office,noun,A2,a room or building where people work,an office worker,Unit 2,,,,,,,,,,,,,,,,,,,,,,
one,determiner,A2,used to refer to a particular person or thing in a group that has already been talked about,this one,Unit 2,,,,,,,,,,,,,,,,,,,,,,
parents,noun,A1,your mother and father,My parents live in New York.,Unit 2,,,,,,,,,,,,,,,,,,,,,,
people,noun,A1,more than one person,Our company employs over 400 people.,Unit 2,,,,,,,,,,,,,,,,,,,,,,
phone,noun,A1,a piece of equipment that is used to talk to someone who is in another place,I have a mobile phone.,Unit 2,,,,,,,,,,,,,,,,,,,,,,
read,verb,A1,to look at words and understand what they mean,read the paper,Unit 2,,,,,,,,,,,,,,,,,,,,,,
say,verb,A1,to speak words,How do you say ...?,Unit 2,,,,,,,,,,,,,,,,,,,,,,
school,noun,A1,a place where children go to learn things,at school,Unit 2,,,,,,,,,,,,,,,,,,,,,,
seventeen,number,A2,the number 17,He's 17 years old.,Unit 2,,,,,,,,,,,,,,,,,,,,,,
she,pronoun,A1,used when talking about a woman who has already been talked about,She's 16.,Unit 2,,,,,,,,,,,,,,,,,,,,,,
shop,noun,A1,a building or part of a building where you can buy things,a book shop,Unit 2,,,,,,,,,,,,,,,,,,,,,,
sister,noun,A1,a girl or woman who has the same parents as you,an older/younger sister,Unit 2,,,,,,,,,,,,,,,,,,,,,,
sixteen,number,A2,the number 16,She's sixteen years old.,Unit 2,,,,,,,,,,,,,,,,,,,,,,
some,quantifier,A1,used to mean an amount of something without saying exactly how much or how many,Some shops are open.,Unit 2,,,,,,,,,,,,,,,,,,,,,,
son,noun,A1,your male child,"This is my son, Alex.",Unit 2,,,,,,,,,,,,,,,,,,,,,,
supermarket,noun,A1,"a large shop that sells food, drink, things for the home, etc",She works in a supermarket.,Unit 2,,,,,,,,,,,,,,,,,,,,,,
they,pronoun,A1,"used as the subject of the verb when meaning a group of people, animals, or things that have already been talked about",I saw Kate and Nigel yesterday - they came over for dinner.,Unit 2,,,,,,,,,,,,,,,,,,,,,,
thirteen,number,A2,the number 13,She's 13 years old.,Unit 2,,,,,,,,,,,,,,,,,,,,,,
to,preposition,A1,used with the verb to make the infinitive,to eat,Unit 2,,,,,,,,,,,,,,,,,,,,,,
TV,noun,A1,television,What's on TV tonight?,Unit 2,,,,,,,,,,,,,,,,,,,,,,
twelve,number,A2,the number 12,He's twelve years old.,Unit 2,,,,,,,,,,,,,,,,,,,,,,
twenty,number,A2,the number 20,He's twenty years old.,Unit 2,,,,,,,,,,,,,,,,,,,,,,
waiter,noun,A1,"a man who works in a restaurant, bringing food to customers",He's a waiter.,Unit 2,,,,,,,,,,,,,,,,,,,,,,
who,pronoun,A1,used to ask about someone's name or which person or group someone is talking about,Who's this?,Unit 2,,,,,,,,,,,,,,,,,,,,,,
wife,noun,A1,the woman that a man is married to,He has an Australian wife.,Unit 2,,,,,,,,,,,,,,,,,,,,,,
work,verb,A1,to do a job that you get money for,She works for Sony corporation.,Unit 2,,,,,,,,,,,,,,,,,,,,,,
works,verb,A1,PRESENT SIMPLE he/she/it of work,My sister works for the Sony Corporation.,Unit 2,,,,,,,,,,,,,,,,,,,,,,
write,verb,A1,"to make words, letters, or numbers on a surface using a pen or pencil",Write your name at the top of the page.,Unit 2,,,,,,,,,,,,,,,,,,,,,,
a few,phrase,A2,"some, or a small number of",I'm just here for a few days.,Unit 3,,,,,,,,,,,,,,,,,,,,,,
a.m.,abbreviation,A1,used to refer to a time between 12 o'clock in the night and 12 o'clock in the day,6.00 a.m.,Unit 3,,,,,,,,,,,,,,,,,,,,,,
about,adverb,A1,"close to a particular number or time, although not exactly that number or time",I think it's about 3.00.,Unit 3,,,,,,,,,,,,,,,,,,,,,,
afternoon,noun,A1,the time between the middle of the day and the evening,I played tennis on Saturday afternoon.,Unit 3,,,,,,,,,,,,,,,,,,,,,,
airport,noun,A2,a place where planes take off and land,She's at the airport.,Unit 3,,,,,,,,,,,,,,,,,,,,,,
answer,verb,A1,to speak or write back to someone who has asked you a question,I asked when she was leaving but she didn't answer.,Unit 3,,,,,,,,,,,,,,,,,,,,,,
answer,verb,A2,to write or say something as a reply to a question in a test,Answer questions one to ten.,Unit 3,,,,,,,,,,,,,,,,,,,,,,
answer,noun,A2,the correct information given as a reply to a question in a test,Did you get the answer to Question 6?,Unit 3,,,,,,,,,,,,,,,,,,,,,,
at,preposition,A1,used to show the time something happens,at 3.00,Unit 3,,,,,,,,,,,,,,,,,,,,,,
beautiful,adjective,A1,very attractive,a beautiful country,Unit 3,,,,,,,,,,,,,,,,,,,,,,
box,noun,A2,a small square on a page that gives you information or where you write information,Learn the words in the box.,Unit 3,,,,,,,,,,,,,,,,,,,,,,
bus station,noun,A2,a building where a bus starts or ends its journey,"Café metro is in King Street, near the bus station.",Unit 3,,,,,,,,,,,,,,,,,,,,,,
busy,adjective,A2,"working hard, or giving your attention to a particular activity",I'm busy in the morning.,Unit 3,,,,,,,,,,,,,,,,,,,,,,
cheap,adjective,A1,"not expensive, or costing less than usual",a cheap flight,Unit 3,,,,,,,,,,,,,,,,,,,,,,
close,verb,A1,"If something closes, it moves so that it is not open, and if you close something, you move it so that it is not open.",close the door,Unit 3,,,,,,,,,,,,,,,,,,,,,,
coffee,noun,A1,"a hot drink made from dark beans which are made into a powder, or a cup of this drink",Do you want a cup of coffee?,Unit 3,,,,,,,,,,,,,,,,,,,,,,
conversation,noun,A1,when two or more people talk together,a telephone conversation,Unit 3,,,,,,,,,,,,,,,,,,,,,,
couple,noun,B1,two people who are married,a married couple,Unit 3,,,,,,,,,,,,,,,,,,,,,,
day,noun,A1,a period of 24 hours,the days of the week,Unit 3,,,,,,,,,,,,,,,,,,,,,,
drink,verb,A1,to put liquid into your mouth and swallow it,He was drinking a glass of milk.,Unit 3,,,,,,,,,,,,,,,,,,,,,,
drink,noun,A1,a liquid or an amount of liquid that you drink,a cold drink,Unit 3,,,,,,,,,,,,,,,,,,,,,,
evening,noun,A1,the part of the day between the afternoon and the night,Are you doing anything this evening?,Unit 3,,,,,,,,,,,,,,,,,,,,,,
Excuse me,phrase,A1,used to politely get someone's attention,"Excuse me, what's the time?",Unit 3,,,,,,,,,,,,,,,,,,,,,,
fifty,number,A2,the number 50,We're in room 50.,Unit 3,,,,,,,,,,,,,,,,,,,,,,
forty,number,A2,the number 40,She's 40 today.,Unit 3,,,,,,,,,,,,,,,,,,,,,,
free,adjective,A2,not busy doing anything,When are you free?,Unit 3,,,,,,,,,,,,,,,,,,,,,,
Friday,noun,A1,the day of the week after Thursday and before Saturday,"OK, let's meet on Friday.",Unit 3,,,,,,,,,,,,,,,,,,,,,,
garden,noun,A1,"an area of ground next to a house, often with grass, flowers, or trees",the front/back garden,Unit 3,,,,,,,,,,,,,,,,,,,,,,
get up,phrasal verb,A1,"to wake up and get out of bed, or to tell or help someone to do this",I got up at five o'clock this morning!,Unit 3,,,,,,,,,,,,,,,,,,,,,,
go,verb,A1,to move or travel somewhere,go out,Unit 3,,,,,,,,,,,,,,,,,,,,,,
go,verb,A1,to move or travel somewhere in order to do something,go shopping,Unit 3,,,,,,,,,,,,,,,,,,,,,,
here,adverb,A1,in the place where you are,Is Mr Yamamoto here?,Unit 3,,,,,,,,,,,,,,,,,,,,,,
here,adverb,A1,used when saying who you are on the telephone,It's Seiko here.,Unit 3,,,,,,,,,,,,,,,,,,,,,,
home,noun,A1,the place where you live,at home,Unit 3,,,,,,,,,,,,,,,,,,,,,,
hour,noun,A1,a period of time equal to 60 minutes,I sleep eight hours,Unit 3,,,,,,,,,,,,,,,,,,,,,,
How about…?,adverb,A2,used to make a suggestion,How about Café Metro?,Unit 3,,,,,,,,,,,,,,,,,,,,,,
ice-cream,noun,A1,"a sweet, cold food made from frozen milk",vanilla ice cream,Unit 3,,,,,,,,,,,,,,,,,,,,,,
in,preposition,A1,during a period of time,in the morning,Unit 3,,,,,,,,,,,,,,,,,,,,,,
Italian,adjective,,coming from or relating to Italy,Dino's is a small Italian restaurant.,Unit 3,,,,,,,,,,,,,,,,,,,,,,
late,adjective,A1,after the usual time or the time that was arranged,We're late.,Unit 3,,,,,,,,,,,,,,,,,,,,,,
late,adverb,A2,after the usual time or the time that was arranged,I get up late.,Unit 3,,,,,,,,,,,,,,,,,,,,,,
let's,verb,A2,something you say when you are making a suggestion,Let's go to a café.,Unit 3,,,,,,,,,,,,,,,,,,,,,,
lots,noun,A1,a large amount or number of people or things,There are lots of cars,Unit 3,,,,,,,,,,,,,,,,,,,,,,
many,quantifier,A1,a large number of,I don't have many clothes.,Unit 3,,,,,,,,,,,,,,,,,,,,,,
map,noun,A2,"a picture that shows where countries, towns, roads, etc are",a road map,Unit 3,,,,,,,,,,,,,,,,,,,,,,
me,pronoun,A1,the person who is speaking or writing,It's me.,Unit 3,,,,,,,,,,,,,,,,,,,,,,
meet,verb,A1,to come to the same place as someone else,meet friends,Unit 3,,,,,,,,,,,,,,,,,,,,,,
Monday,noun,A1,the day of the week after Sunday and before Tuesday,I'm at the office on Monday.,Unit 3,,,,,,,,,,,,,,,,,,,,,,
more,quantifier,A1,a greater number or amount of people or things,There are a lot more people here today than there were yesterday.,Unit 3,,,,,,,,,,,,,,,,,,,,,,
morning,noun,A1,"the first half of the day, from the time when the sun rises until the middle of the day",Friday morning,Unit 3,,,,,,,,,,,,,,,,,,,,,,
mosque,noun,A2,a building where Muslims go to pray,People go to the mosque on Friday.,Unit 3,,,,,,,,,,,,,,,,,,,,,,
most,quantifier,A2,almost all of a group of people or things,most people,Unit 3,,,,,,,,,,,,,,,,,,,,,,
nearly,adverb,A2,almost,It's nearly 6 o'clock.,Unit 3,,,,,,,,,,,,,,,,,,,,,,
next to,preposition,A2,very close to someone or something with nothing in between,next to the café,Unit 3,,,,,,,,,,,,,,,,,,,,,,
night,noun,A1,the time in every 24 hours when it is dark and people sleep,I slept really badly last night.,Unit 3,,,,,,,,,,,,,,,,,,,,,,
noisy,adjective,A2,Noisy people or things make a lot of noise.,We've had problems with noisy neighbours.,Unit 3,,,,,,,,,,,,,,,,,,,,,,
o'clock,adverb,A1,used after the numbers one to twelve to mean exactly that hour when you tell the time,It's six o'clock.,Unit 3,,,,,,,,,,,,,,,,,,,,,,
of,preposition,A1,used after words which show an amount,lots of cars,Unit 3,,,,,,,,,,,,,,,,,,,,,,
on,preposition,A1,used to show the date or day when something happens,on Friday,Unit 3,,,,,,,,,,,,,,,,,,,,,,
open,verb,A1,"If you open something, you make it change to a position that is not closed.",Open your books.,Unit 3,,,,,,,,,,,,,,,,,,,,,,
p.m.,abbreviation,A1,"used when referring to a time in the afternoon, evening or at night",7.30 p.m.,Unit 3,,,,,,,,,,,,,,,,,,,,,,
page,noun,A1,"a piece of paper in a book, magazine, etc, or one side of a piece of paper",The article is on page 36.,Unit 3,,,,,,,,,,,,,,,,,,,,,,
quiet,adjective,A2,making little or no noise,"Can you be quiet, please? We're trying to work.",Unit 3,,,,,,,,,,,,,,,,,,,,,,
sandwich,noun,A1,"two slices of bread with meat, cheese, etc between them",a cheese sandwich,Unit 3,,,,,,,,,,,,,,,,,,,,,,
Saturday,noun,A1,the day of the week after Friday and before Sunday,Are you free on Saturday evening?,Unit 3,,,,,,,,,,,,,,,,,,,,,,
shower,noun,A1,when you wash your whole body while standing under a flow of water.,I had a shower and got dressed.,Unit 3,,,,,,,,,,,,,,,,,,,,,,
sleep,verb,A1,"to be in the state of rest when your eyes are closed, your body is not active, and your mind is unconscious",We had to sleep in the car that night.,Unit 3,,,,,,,,,,,,,,,,,,,,,,
soon,adverb,A2,after a short period of time,See you soon.,Unit 3,,,,,,,,,,,,,,,,,,,,,,
sorry,adjective,A1,used to show that you are sad about a person or situation,"No, sorry.",Unit 3,,,,,,,,,,,,,,,,,,,,,,
station,noun,A1,a place where trains stop so that you can get on or off them,Dad met me at the station.,Unit 3,,,,,,,,,,,,,,,,,,,,,,
street,noun,A1,a road in a town or city that has houses or other buildings,We live on the same street.,Unit 3,,,,,,,,,,,,,,,,,,,,,,
street stall,noun,,a small table in the street from which people sell small things,There are some street stalls where you can buy snacks.,Unit 3,,,,,,,,,,,,,,,,,,,,,,
Sunday,noun,A1,the day of the week after Saturday and before Monday,Are you free on Sunday evening?,Unit 3,,,,,,,,,,,,,,,,,,,,,,
sure,adjective,A2,certain,I'm not sure.,Unit 3,,,,,,,,,,,,,,,,,,,,,,
taxi,noun,A1,a car with a driver who you pay to take you somewhere,I'll take a taxi to the airport.,Unit 3,,,,,,,,,,,,,,,,,,,,,,
tea,noun,A1,a hot drink that you make by pouring water onto dried leaves,Would you like a cup of tea or coffee?,Unit 3,,,,,,,,,,,,,,,,,,,,,,
text message,noun,A2,"a written message, usually containing words with letters left out, sent from one mobile phone to another",Read the text message.,Unit 3,,,,,,,,,,,,,,,,,,,,,,
that,pronoun,A1,used to mean something that has already been talked about or seen,That's a good idea.,Unit 3,,,,,,,,,,,,,,,,,,,,,,
the,determiner,A1,used before nouns to mean things that have already been talked about or are already known,Pass me the coffee.,Unit 3,,,,,,,,,,,,,,,,,,,,,,
there,adverb,A1,in or at a particular place,How can I get there?,Unit 3,,,,,,,,,,,,,,,,,,,,,,
There's,pronoun,A1,There is/are/was used to show that something exists or happens,There's a café.,Unit 3,,,,,,,,,,,,,,,,,,,,,,
thirty,number,A2,the number 30,It's five thirty.,Unit 3,,,,,,,,,,,,,,,,,,,,,,
thirty-five,number,,the number 35,It's five thirty-five.,Unit 3,,,,,,,,,,,,,,,,,,,,,,
Thursday,noun,A1,the day of the week after Wednesday and before Friday,Is today Thursday?,Unit 3,,,,,,,,,,,,,,,,,,,,,,
time,noun,A1,a particular point in the day or night,What's the time?,Unit 3,,,,,,,,,,,,,,,,,,,,,,
to,preposition,A1,in the direction of somewhere,go to bus station,Unit 3,,,,,,,,,,,,,,,,,,,,,,
today,"noun, adverb",A1,"this day, or on this day",It's Johann's first day at school today.,Unit 3,,,,,,,,,,,,,,,,,,,,,,
tomorrow,adverb,A1,the day after today or on the day after today,What are you doing tomorrow?,Unit 3,,,,,,,,,,,,,,,,,,,,,,
tree,noun,A1,a tall plant with a thick stem which has branches coming from it and leaves,There are five trees in the garden.,Unit 3,,,,,,,,,,,,,,,,,,,,,,
Tuesday,noun,A1,the day of the week after Monday and before Wednesday,I'm free on Tuesday morning.,Unit 3,,,,,,,,,,,,,,,,,,,,,,
twenty-five,number,,the number 25,It's five twenty-five.,Unit 3,,,,,,,,,,,,,,,,,,,,,,
usually,adverb,A2,in the way that most often happens,I usually have lunch at work.,Unit 3,,,,,,,,,,,,,,,,,,,,,,
village,noun,A1,a place where people live in the countryside which is smaller than a town,She lives in a small village outside Oxford.,Unit 3,,,,,,,,,,,,,,,,,,,,,,
watch,verb,A1,to look at something for a period of time,The kids are watching TV.,Unit 3,,,,,,,,,,,,,,,,,,,,,,
Wednesday,noun,A1,the day of the week after Tuesday and before Thursday,I'm in London on Wednesday.,Unit 3,,,,,,,,,,,,,,,,,,,,,,
when,adverb,A1,used to ask at what time something happened or will happen,When do you get up?,Unit 3,,,,,,,,,,,,,,,,,,,,,,
work,noun,A1,the place where you go to do your job,at work,Unit 3,,,,,,,,,,,,,,,,,,,,,,
a bit,phrase,A2,slightly,It was a bit too expensive.,Unit 4,,,,,,,,,,,,,,,,,,,,,,
American,adjective,,relating to the United States of America,an American accent,Unit 4,,,,,,,,,,,,,,,,,,,,,,
balcony,noun,B1,a small area on the outside wall of a high building where you can stand or sit,My hotel room has a big balcony.,Unit 4,,,,,,,,,,,,,,,,,,,,,,
basketball,noun,A1,a game in which two teams try to win points by throwing a ball through a high net,I play basketball.,Unit 4,,,,,,,,,,,,,,,,,,,,,,
both,quantifier,A1,used to talk about two people or things,We both like Chinese food.,Unit 4,,,,,,,,,,,,,,,,,,,,,,
bread,noun,A1,a basic food made by mixing and baking flour and water,a slice of bread,Unit 4,,,,,,,,,,,,,,,,,,,,,,
burger,noun,A2,"meat in a round, flat shape, that you eat between bread",The burgers are 100% meat.,Unit 4,,,,,,,,,,,,,,,,,,,,,,
but,conjunction,A1,"used to introduce something new that you say, especially something which is different from what you have just said","I'd drive you there, but I haven't got my car.",Unit 4,,,,,,,,,,,,,,,,,,,,,,
can,modal verb,A1,used to request something,Can I have ...?,Unit 4,,,,,,,,,,,,,,,,,,,,,,
centre,noun,A2,the middle point or part of something,town centre,Unit 4,,,,,,,,,,,,,,,,,,,,,,
Chinese,adjective,,coming from or relating to China,the best Chinese restaurant in town,Unit 4,,,,,,,,,,,,,,,,,,,,,,
clothes,noun,A1,things such as shirts and trousers that you wear on your body,She was wearing her sister's clothes.,Unit 4,,,,,,,,,,,,,,,,,,,,,,
cola,noun,A2,"a sweet, dark-brown drink with lots of bubbles",I don't drink cola.,Unit 4,,,,,,,,,,,,,,,,,,,,,,
college,noun,A2,a place where students are educated after they have stopped going to school,a teacher-training college,Unit 4,,,,,,,,,,,,,,,,,,,,,,
dad,noun,A1,father,My dad has curly brown hair.,Unit 4,,,,,,,,,,,,,,,,,,,,,,
dish,noun,A2,part of a meal,pasta dishes,Unit 4,,,,,,,,,,,,,,,,,,,,,,
do,auxiliary verb,A1,used with another verb to form questions and negative phrases,Do you live in London?,Unit 4,,,,,,,,,,,,,,,,,,,,,,
don't,auxiliary verb,A1,Contraction of do not,I don't like sport.,Unit 4,,,,,,,,,,,,,,,,,,,,,,
DVD,noun,A1,"a small disc for storing music, films and information",Is this film available on DVD?,Unit 4,,,,,,,,,,,,,,,,,,,,,,
every,determiner,A1,each one of a group of people or things,every day,Unit 4,,,,,,,,,,,,,,,,,,,,,,
expensive,adjective,A1,costing a lot of money,expensive jewellery,Unit 4,,,,,,,,,,,,,,,,,,,,,,
favourite,adjective,A1,Your favourite person or thing is the one that you like best.,What's your favourite colour?,Unit 4,,,,,,,,,,,,,,,,,,,,,,
fish,noun,A1,"an animal that lives only in water, swims, and people eat","You eat meat, pasta, fish …",Unit 4,,,,,,,,,,,,,,,,,,,,,,
food,noun,A1,something that people and animals eat to keep them alive,baby food,Unit 4,,,,,,,,,,,,,,,,,,,,,,
football,noun,A1,a game in which two teams of players kick a round ball and try to score goals,a football match/team,Unit 4,,,,,,,,,,,,,,,,,,,,,,
fruit,noun,A1,"things such as apples or oranges that grow on a tree or a bush, contain seeds, and can be eaten as food",dried/fresh fruit,Unit 4,,,,,,,,,,,,,,,,,,,,,,
full,adjective,A2,"If a container or a space is full, it contains as many things or people as possible",We can't get in - the room is full.,Unit 4,,,,,,,,,,,,,,,,,,,,,,
guitar,noun,A1,a musical instrument with strings that you play by pulling the strings,an electric guitar,Unit 4,,,,,,,,,,,,,,,,,,,,,,
homepage,noun,,the first page that you see when you look at a website on the Internet,The address and phone number are on our homepage.,Unit 4,,,,,,,,,,,,,,,,,,,,,,
hope,verb,A2,to want something to happen or be true,I hope you like it,Unit 4,,,,,,,,,,,,,,,,,,,,,,
I'll,short for,A1,I will,I'll have a coffee.,Unit 4,,,,,,,,,,,,,,,,,,,,,,
India,noun,,a country in Asia,We live in India.,Unit 4,,,,,,,,,,,,,,,,,,,,,,
Indian,adjective,,coming from or relating to India,an Indian restaurant,Unit 4,,,,,,,,,,,,,,,,,,,,,,
international,adjective,A2,relating to or involving two or more countries,an international team of scientists,Unit 4,,,,,,,,,,,,,,,,,,,,,,
Italy,noun,,a country in Europe,We live in Italy.,Unit 4,,,,,,,,,,,,,,,,,,,,,,
Japan,noun,,a country consisting of a group of islands near the east coast of Asia,We live in Japan.,Unit 4,,,,,,,,,,,,,,,,,,,,,,
Japanese,adjective,,coming from or relating to Japan,I like Japanese food.,Unit 4,,,,,,,,,,,,,,,,,,,,,,
language,noun,,"words of a particular type, especially the words used by people in a particular job",Classroom language,Unit 4,,,,,,,,,,,,,,,,,,,,,,
Lebanese,adjective,,coming from or relating to Lebanon,a Lebanese restaurant,Unit 4,,,,,,,,,,,,,,,,,,,,,,
lemonade,noun,A2,a cold drink that tastes of lemon,"I'll have lemonade, please.",Unit 4,,,,,,,,,,,,,,,,,,,,,,
like,verb,A1,to enjoy something or think that someone or something is nice,I like Japanese food.,Unit 4,,,,,,,,,,,,,,,,,,,,,,
magazine,noun,A2,"a big, thin book that you can buy every week or month, that has pictures and writing",a fashion magazine,Unit 4,,,,,,,,,,,,,,,,,,,,,,
make,verb,A1,to create something,make tea,Unit 4,,,,,,,,,,,,,,,,,,,,,,
mall,noun,B1,"a large, covered shopping area",shopping mall,Unit 4,,,,,,,,,,,,,,,,,,,,,,
match,noun,A2,a sports competition in which two people or teams compete against each other,football match,Unit 4,,,,,,,,,,,,,,,,,,,,,,
meat,noun,A1,"the soft parts of animals, used as food",I don't eat meat.,Unit 4,,,,,,,,,,,,,,,,,,,,,,
mum,noun,A1,mother,"Can we go now, Mum?",Unit 4,,,,,,,,,,,,,,,,,,,,,,
music,noun,A1,"a pattern of sounds that is made by playing instruments or singing, or a recording of this",pop/classical music,Unit 4,,,,,,,,,,,,,,,,,,,,,,
neither,adverb,B2,used to say that a negative fact is also true of someone or something else,Me neither.,Unit 4,,,,,,,,,,,,,,,,,,,,,,
never,adverb,A1,"not ever, not one time","Have you ever been to Australia? ""No, never.""",Unit 4,,,,,,,,,,,,,,,,,,,,,,
noun,noun,A2,"a word that refers to a person, place, object, event, substance, idea, feeling, or quality. For example the words 'teacher', 'book' and 'beauty' are nouns.",a noun,Unit 4,,,,,,,,,,,,,,,,,,,,,,
of,preposition,A1,containing,a cup of tea,Unit 4,,,,,,,,,,,,,,,,,,,,,,
often,adverb,A1,many times or regularly,I often see her there.,Unit 4,,,,,,,,,,,,,,,,,,,,,,
orange juice,noun,A1,a drink made from the juice of oranges,"Can I have an orange juice, please?",Unit 4,,,,,,,,,,,,,,,,,,,,,,
out,adverb,A2,used to show movement away from the inside of somewhere,go out,Unit 4,,,,,,,,,,,,,,,,,,,,,,
paper,noun,B1,a newspaper,read the paper,Unit 4,,,,,,,,,,,,,,,,,,,,,,
party,noun,A1,when people come together to enjoy themselves by talking and eating.  ,go to a party,Unit 4,,,,,,,,,,,,,,,,,,,,,,
pasta,noun,A2,a food that is made from flour and water and is made in many different shapes,Spaghetti is my favourite pasta.,Unit 4,,,,,,,,,,,,,,,,,,,,,,
piano,noun,A2,a big wooden musical instrument with black and white bars that make sounds when you press them,Do you like the piano?,Unit 4,,,,,,,,,,,,,,,,,,,,,,
pizza,noun,A1,"a flat, round piece of bread covered with tomato, cheese, etc and cooked in an oven",good pizzas and pasta dishes,Unit 4,,,,,,,,,,,,,,,,,,,,,,
play,verb,A1,"When you play a sport or game, you do it.",play football,Unit 4,,,,,,,,,,,,,,,,,,,,,,
please,exclamation,A1,something that you say to be polite when you are asking for something,"Could I have a coffee, please?",Unit 4,,,,,,,,,,,,,,,,,,,,,,
poet,noun,B1,someone who writes poems,Rimbaud was a nineteenth-century French poet.,Unit 4,,,,,,,,,,,,,,,,,,,,,,
poetry,noun,B1,poems in general,I read poetry.,Unit 4,,,,,,,,,,,,,,,,,,,,,,
problem,noun,A1,a situation that causes difficulties and that needs to be dealt with,I'm having problems with my computer.,Unit 4,,,,,,,,,,,,,,,,,,,,,,
radio,noun,A1,a piece of equipment used for listening to radio broadcasts,a car radio,Unit 4,,,,,,,,,,,,,,,,,,,,,,
radio,phrase,A1,the programmes that you hear when you listen to the radio,We heard him speaking on the radio this morning.,Unit 4,,,,,,,,,,,,,,,,,,,,,,
rice,noun,A1,small grains from a plant that are cooked and eaten,good chicken and rice dishes,Unit 4,,,,,,,,,,,,,,,,,,,,,,
salad,noun,A2,a cold mixture of vegetables that have not been cooked,They also have good steaks and salads.,Unit 4,,,,,,,,,,,,,,,,,,,,,,
shawarma,noun,,a sandwich of roasted meat and vegetables wrapped in bread,"At lunch time, everyone eats shawarma.",Unit 4,,,,,,,,,,,,,,,,,,,,,,
shopping,noun,A1,when you buy things from shops,go shopping,Unit 4,,,,,,,,,,,,,,,,,,,,,,
software,noun,A2,programs that you use to make a computer do different things,She works for a software company.,Unit 4,,,,,,,,,,,,,,,,,,,,,,
sometimes,adverb,A1,on some occasions but not always or often,"He does cook sometimes, but not very often.",Unit 4,,,,,,,,,,,,,,,,,,,,,,
speak,verb,A1,to say something using your voice,speak English,Unit 4,,,,,,,,,,,,,,,,,,,,,,
sport,noun,A1,"a game or activity which people do to keep healthy or for enjoyment, often competing against each other",winter sports,Unit 4,,,,,,,,,,,,,,,,,,,,,,
steak,noun,A2,"a thick, flat piece of meat or fish",They also have good steaks and salads.,Unit 4,,,,,,,,,,,,,,,,,,,,,,
technology,noun,B1,"knowledge, equipment, and methods that are used in science and industry",computer technology,Unit 4,,,,,,,,,,,,,,,,,,,,,,
tennis,noun,A1,a sport in which two or four people hit a small ball to each other over a net,I play tennis.,Unit 4,,,,,,,,,,,,,,,,,,,,,,
too,adverb,A1,more than is needed or wanted; more than is suitable or enough,not too expensive,Unit 4,,,,,,,,,,,,,,,,,,,,,,
too,adverb,A1,"in addition, also",Me too.,Unit 4,,,,,,,,,,,,,,,,,,,,,,
vegetable,noun,A1,"a plant that you eat, for example potatoes, onions, beans, etc",I eat vegetables every day.,Unit 4,,,,,,,,,,,,,,,,,,,,,,
verb,noun,A2,"a word or group of words that refers to an action, state, or experience. For example the words 'arrive', 'make', 'be', and 'feel' are verbs.",a verb,Unit 4,,,,,,,,,,,,,,,,,,,,,,
water,noun,A1,"the clear liquid that falls from the sky as rain and that is in seas, lakes, and rivers",hot/cold water,Unit 4,,,,,,,,,,,,,,,,,,,,,,
weekend,noun,A1,"Saturday and Sunday, the two days in the week when many people do not work in Europe and the US. Friday and Saturday in Saudi Arabia. ",at the weekend,Unit 4,,,,,,,,,,,,,,,,,,,,,,
all,pronoun,A1,every person or thing in a group,We were all eating.,Unit 5,,,,,,,,,,,,,,,,,,,,,,
ask,verb,A1,to say something to someone as a question,I asked him about his hobbies.,Unit 5,,,,,,,,,,,,,,,,,,,,,,
ask,verb,B1,to say to someone that you would like something from them,He's asked for a bike for his birthday.,Unit 5,,,,,,,,,,,,,,,,,,,,,,
bag,noun,A1,a container used for carrying things,a paper bag,Unit 5,,,,,,,,,,,,,,,,,,,,,,
black,adjective,A1,opposite of white,a black jacket,Unit 5,,,,,,,,,,,,,,,,,,,,,,
blouse,noun,,a shirt that women wear,Women often wear jeans and a shirt or a blouse.,Unit 5,,,,,,,,,,,,,,,,,,,,,,
bottle,noun,A2,"a container for liquids, usually made of glass or plastic, with a narrow top",a bottle of water,Unit 5,,,,,,,,,,,,,,,,,,,,,,
Britain,noun,A2," England,Wales, Scotland and Northern Ireland D364",Peter is from Britain,Unit 5,,,,,,,,,,,,,,,,,,,,,,
brown,adjective,A1,being the same colour as chocolate,dark brown hair,Unit 5,,,,,,,,,,,,,,,,,,,,,,
carpet,noun,A2,"thick material for covering floors, often made of wool",Do you like this carpet?,Unit 5,,,,,,,,,,,,,,,,,,,,,,
coat,noun,A1,a piece of clothing that you wear over your other clothes when you are outside,a winter coat,Unit 5,,,,,,,,,,,,,,,,,,,,,,
colour,noun,A1,"red, blue, green, yellow, etc",What colour shall I paint the kitchen?,Unit 5,,,,,,,,,,,,,,,,,,,,,,
cup,noun,A1,"a small, round container with a handle on the side, used to drink from",a cup of tea,Unit 5,,,,,,,,,,,,,,,,,,,,,,
cupboard,noun,A2,"a piece of furniture with a door on the front and shelves inside, used for keeping things",The plates are in the cupboard.,Unit 5,,,,,,,,,,,,,,,,,,,,,,
doesn't,auxiliary verb,A1,Contraction of does not,He doesn't like black clothes.,Unit 5,,,,,,,,,,,,,,,,,,,,,,
dollar(s),noun,A1,"the unit of money used in the US, Canada, and some other countries; $",It's $15.95.,Unit 5,,,,,,,,,,,,,,,,,,,,,,
dress,noun,A1,a piece of clothing for women which covers the top of the body and hangs down over the legs,a black dress,Unit 5,,,,,,,,,,,,,,,,,,,,,,
each,determiner,A1,every one in a group of two or more things or people when they are considered separately,10 euros each,Unit 5,,,,,,,,,,,,,,,,,,,,,,
eighty,number,A2,the number 80,"That's £4.80, please.",Unit 5,,,,,,,,,,,,,,,,,,,,,,
euro,noun,A2,a unit of money that is used in many European countries; €,They're ten euros each.,Unit 5,,,,,,,,,,,,,,,,,,,,,,
floor,noun,A1,a surface that you walk on inside a building,a wooden floor,Unit 5,,,,,,,,,,,,,,,,,,,,,,
Germany,noun,,a country in Europe,People in offices wear quite casual clothes in Germany.,Unit 5,,,,,,,,,,,,,,,,,,,,,,
glass,noun,A1,a container made of glass that is used for drinking,Would you like a glass of water?,Unit 5,,,,,,,,,,,,,,,,,,,,,,
glasses,noun,A1,a piece of equipment with two transparent parts that you wear in front of your eyes to help you see better,a pair of glasses,Unit 5,,,,,,,,,,,,,,,,,,,,,,
green,adjective,A1,being the same colour as grass,Many people drink green tea.,Unit 5,,,,,,,,,,,,,,,,,,,,,,
grey,adjective,A1,being a colour that is a mixture of black and white,grey clouds,Unit 5,,,,,,,,,,,,,,,,,,,,,,
hat,noun,A1,something that you wear to cover your head,a cowboy hat,Unit 5,,,,,,,,,,,,,,,,,,,,,,
Here you are.,phrase,A2,used when you are giving someone something,"That's £30. ""Here you are.""",Unit 5,,,,,,,,,,,,,,,,,,,,,,
hundred,number,A2,the number 100,two hundred and fifty,Unit 5,,,,,,,,,,,,,,,,,,,,,,
jacket,noun,A2,a short coat,a leather jacket,Unit 5,,,,,,,,,,,,,,,,,,,,,,
jeans,noun,A1,"trousers made from denim (=a strong, usually blue, material)",a pair of jeans,Unit 5,,,,,,,,,,,,,,,,,,,,,,
jumper,noun,A2,a warm piece of clothing which covers the top of your body and is pulled on over your head,What size is this jumper?,Unit 5,,,,,,,,,,,,,,,,,,,,,,
kiosk,noun,,a small building with a window where you can buy things like newspapers and tickets ,a street kiosk,Unit 5,,,,,,,,,,,,,,,,,,,,,,
lamp,noun,A2,an object that makes light,I have a lamp next to my bed.,Unit 5,,,,,,,,,,,,,,,,,,,,,,
large,adjective,A2,big,a large bottle of water,Unit 5,,,,,,,,,,,,,,,,,,,,,,
man,noun,A1,an adult male human,a young man,Unit 5,,,,,,,,,,,,,,,,,,,,,,
medium,adjective,B1,in the middle of a group of different amounts or sizes,It's medium.,Unit 5,,,,,,,,,,,,,,,,,,,,,,
men,noun,A1,PLURAL of man,Men often wear jeans and a shirt.,Unit 5,,,,,,,,,,,,,,,,,,,,,,
milk,noun,A1,"a white liquid produced by female animals, such as cows",a glass/carton of milk.,Unit 5,,,,,,,,,,,,,,,,,,,,,,
mineral water,noun,A2,water which is taken from the ground and contains chemicals that are good for your health,mineral water,Unit 5,,,,,,,,,,,,,,,,,,,,,,
much,quantifier,A1,"In questions, 'much' is used to ask about the amount of something.",How much is the skirt?,Unit 5,,,,,,,,,,,,,,,,,,,,,,
newspaper,noun,A1,"large, folded sheets of paper which are printed with the news and sold every day or every week",I read about his death in the newspaper.,Unit 5,,,,,,,,,,,,,,,,,,,,,,
ninety,number,A2,the number 90,"That's £2.90, please.",Unit 5,,,,,,,,,,,,,,,,,,,,,,
of,preposition,A1,made or consisting of,made of cotton,Unit 5,,,,,,,,,,,,,,,,,,,,,,
on,preposition,A1,on a surface of something,on the shelf/wall,Unit 5,,,,,,,,,,,,,,,,,,,,,,
packet,noun,B1,a small box with several or a lot of the same things in it,a packet of biscuits,Unit 5,,,,,,,,,,,,,,,,,,,,,,
pair,noun,A2,something that is made of two parts that are joined together,a pair of glasses,Unit 5,,,,,,,,,,,,,,,,,,,,,,
pair,noun,A1,two people who are doing something together,In pairs.,Unit 5,,,,,,,,,,,,,,,,,,,,,,
pen,noun,A1,"a long, thin object that you use to write or draw in ink",How much are these pens?,Unit 5,,,,,,,,,,,,,,,,,,,,,,
plate,noun,A1,"a flat, round object which is used for putting food on",a dinner plate,Unit 5,,,,,,,,,,,,,,,,,,,,,,
postcard,noun,A2,a card with a picture on one side that you send without an envelope,How much are these postcards?,Unit 5,,,,,,,,,,,,,,,,,,,,,,
pound(s),noun,A2,the unit of money used in the UK and Ireland; £,a hundred pounds/£100,Unit 5,,,,,,,,,,,,,,,,,,,,,,
price,noun,A2,the amount of money that you pay to buy something,high/low prices,Unit 5,,,,,,,,,,,,,,,,,,,,,,
pullover,noun,B1,a warm piece of clothing which covers the top of your body and is pulled on over your head,a black woolly pullover.,Unit 5,,,,,,,,,,,,,,,,,,,,,,
red,adjective,A1,being the same colour as blood,a red shirt,Unit 5,,,,,,,,,,,,,,,,,,,,,,
right,adjective,A1,correct or true,That's right.,Unit 5,,,,,,,,,,,,,,,,,,,,,,
sell,verb,A2,to offer something for people to buy,Do you sell stamps?,Unit 5,,,,,,,,,,,,,,,,,,,,,,
seventy,number,A2,the number 70,"That's £2.70, please.",Unit 5,,,,,,,,,,,,,,,,,,,,,,
shelf,noun,A2,"a board used to put things on, often fixed to a wall",a book shelf,Unit 5,,,,,,,,,,,,,,,,,,,,,,
shirt,noun,A1,"a piece of clothing worn on the top part of the body, fastened with buttons down the front",How much is the shirt?,Unit 5,,,,,,,,,,,,,,,,,,,,,,
shoes,noun,A1,"a strong covering for the foot, often made of leather",a cheap pair of shoes,Unit 5,,,,,,,,,,,,,,,,,,,,,,
sixty,number,A2,the number 60,"That's £2.60, please.",Unit 5,,,,,,,,,,,,,,,,,,,,,,
size,noun,A2,how big or small something is,It's an area about the size of Oxford.,Unit 5,,,,,,,,,,,,,,,,,,,,,,
skirt,noun,A1,a piece of women's clothing that hangs from the waist and has no legs,How much is the skirt?,Unit 5,,,,,,,,,,,,,,,,,,,,,,
stamp,noun,A2,a small piece of paper that you buy and stick onto a letter before you post it,Do you sell stamps?,Unit 5,,,,,,,,,,,,,,,,,,,,,,
strong,adjective,B1,"If a taste, smell, etc is strong, it is very noticeable.",strong tea,Unit 4,,,,,,,,,,,,,,,,,,,,,,
sugar,noun,A1,a very sweet substance used to give flavour to food and drinks,coffee with milk and sugar,Unit 5,,,,,,,,,,,,,,,,,,,,,,
suit,noun,A2,a jacket and trousers or a jacket and skirt that are made from the same material,He wore a dark blue suit.,Unit 5,,,,,,,,,,,,,,,,,,,,,,
sunglasses,noun,A2,dark glasses that you wear to protect your eyes from the sun,I like your sunglasses.,Unit 5,,,,,,,,,,,,,,,,,,,,,,
T-shirt,noun,A1,a piece of cotton clothing for the top part of the body with short sleeves and no collar,How much is the T-shirt?,Unit 5,,,,,,,,,,,,,,,,,,,,,,
teapot,noun,,a container used for making and serving tea,People make it in a small teapot.,Unit 5,,,,,,,,,,,,,,,,,,,,,,
these,determiner,A1,PLURAL of this,I like these plates.,Unit 5,,,,,,,,,,,,,,,,,,,,,,
this,determiner,A1,used to mean something or someone that is near you or that you are pointing to,I like this bag.,Unit 5,,,,,,,,,,,,,,,,,,,,,,
tie,noun,A2,"a long, thin piece of cloth that a man wears around his neck with a shirt",How much is the tie?,Unit 5,,,,,,,,,,,,,,,,,,,,,,
trousers,noun,A1,a piece of clothing that covers the legs and has a separate part for each leg,a pair of trousers,Unit 5,,,,,,,,,,,,,,,,,,,,,,
wall,noun,A1,one of the sides of a room or building,There were several large paintings on the wall.,Unit 5,,,,,,,,,,,,,,,,,,,,,,
weak,adjective,B2,A weak drink has little taste.,weak coffee,Unit 5,,,,,,,,,,,,,,,,,,,,,,
wear,verb,A1,"to have a piece of clothing, jewellery, etc on your body",I wear jeans a lot of the time.,Unit 5,,,,,,,,,,,,,,,,,,,,,,
white,adjective,A1,being the colour of snow or milk,a white T-shirt,Unit 5,,,,,,,,,,,,,,,,,,,,,,
woman,noun,A1,an adult female person,a 30-year-old woman,Unit 5,,,,,,,,,,,,,,,,,,,,,,
women,noun,A1,PLURAL of woman,The women meet at a friend's house.,Unit 5,,,,,,,,,,,,,,,,,,,,,,
yellow,adjective,A1,being the same colour as a lemon or the sun,a bright yellow tablecloth,Unit 5,,,,,,,,,,,,,,,,,,,,,,
always,adverb,A1,"every time, or at all times",It's always busy,Unit 6,,,,,,,,,,,,,,,,,,,,,,
arrive,verb,A2,to get to a place,We arrived in Paris at midday.,Unit 6,,,,,,,,,,,,,,,,,,,,,,
bar,noun,B1,a small block of something solid,a bar of chocolate,Unit 6,,,,,,,,,,,,,,,,,,,,,,
because,conjunction,A1,used to give a reason for something,I'm calling because I need to ask you something.,Unit 6,,,,,,,,,,,,,,,,,,,,,,
before,preposition,A1,earlier than the time when something happens,I have breakfast before 7.00.,Unit 6,,,,,,,,,,,,,,,,,,,,,,
bike,noun,A2,bicycle,I go by bike.,Unit 6,,,,,,,,,,,,,,,,,,,,,,
boat,noun,A1,a vehicle for travelling on water,a fishing/sailing boat,Unit 6,,,,,,,,,,,,,,,,,,,,,,
breakfast,noun,A1,the food you eat in the morning after you wake up,have breakfast,Unit 6,,,,,,,,,,,,,,,,,,,,,,
bring,verb,A2,to take someone or something with you when you go somewhere,Did you bring an umbrella with you?,Unit 6,,,,,,,,,,,,,,,,,,,,,,
bus,noun,A1,"a large vehicle that carries passengers by road, usually along a fixed route",a school bus,Unit 6,,,,,,,,,,,,,,,,,,,,,,
by,preposition,A2,through doing or using something,by train,Unit 6,,,,,,,,,,,,,,,,,,,,,,
can,modal verb,A2,to be able to do something,You can go by underground.,Unit 6,,,,,,,,,,,,,,,,,,,,,,
chocolate,noun,A1,"a sweet, brown food that is usually sold in a block",a bar of chocolate,Unit 6,,,,,,,,,,,,,,,,,,,,,,
club,noun,B1,a team of sports players,Al Ahly Football Club.,Unit 6,,,,,,,,,,,,,,,,,,,,,,
come,verb,A1,to arrive somewhere,come home,Unit 6,,,,,,,,,,,,,,,,,,,,,,
crowded,adjective,A2,very full of people,a crowded train,Unit 6,,,,,,,,,,,,,,,,,,,,,,
cycle,verb,B1,to ride a bicycle,I cycle to work.,Unit 6,,,,,,,,,,,,,,,,,,,,,,
dinner,noun,A1,the main meal of the day that people usually eat in the evening,have dinner,Unit 6,,,,,,,,,,,,,,,,,,,,,,
down,preposition,A2,along,down the Amazon,Unit 6,,,,,,,,,,,,,,,,,,,,,,
drive,verb,A1,"to travel somewhere in a car, or to take someone somewhere in a car",I drive to work.,Unit 6,,,,,,,,,,,,,,,,,,,,,,
early,adverb,A1,before the usual time or the time that was planned,I get up early.,Unit 6,,,,,,,,,,,,,,,,,,,,,,
everywhere,adverb,A2,in or to every place,You can go everywhere by underground.,Unit 6,,,,,,,,,,,,,,,,,,,,,,
fast,adjective,A1,quick,fast cars,Unit 6,,,,,,,,,,,,,,,,,,,,,,
finish,verb,A1,to complete something,finish work,Unit 6,,,,,,,,,,,,,,,,,,,,,,
first,adverb,B1,used to refer to the first thing in a list,First I have a shower.,Unit 6,,,,,,,,,,,,,,,,,,,,,,
get,verb,A1,to arrive somewhere,How can I get to the airport?,Unit 6,,,,,,,,,,,,,,,,,,,,,,
have,verb,A1,to eat or drink something,have lunch,Unit 6,,,,,,,,,,,,,,,,,,,,,,
have,verb,A2,used with nouns to say that someone does something,have a shower,Unit 6,,,,,,,,,,,,,,,,,,,,,,
lunch,noun,A1,the food that you eat in the middle of the day,Shall we have lunch?,Unit 6,,,,,,,,,,,,,,,,,,,,,,
meal,noun,A1,"when you eat, or the food that you eat at that time",have a meal,Unit 6,,,,,,,,,,,,,,,,,,,,,,
metro,noun,,an underground railway system in a large city,the Paris metro,Unit 6,,,,,,,,,,,,,,,,,,,,,,
national,adjective,A2,relating to or typical of a whole country and its people,a national holiday.,Unit 6,,,,,,,,,,,,,,,,,,,,,,
plane,noun,A1,a vehicle that flies and has an engine and wings,What time does her plane get in (=arrive)?,Unit 6,,,,,,,,,,,,,,,,,,,,,,
player,noun,A1,someone who takes part in a game or sport,a football/tennis player,Unit 6,,,,,,,,,,,,,,,,,,,,,,
seat,noun,A2,a piece of furniture that you sit on,"There are seats for 75,000 people.",Unit 6,,,,,,,,,,,,,,,,,,,,,,
slow,adjective,A1,"moving, happening, or doing something without much speed",He's a very slow reader.,Unit 6,,,,,,,,,,,,,,,,,,,,,,
so,conjunction,A2,used to say that something is the reason why something else happens,I was tired so I went to bed.,Unit 6,,,,,,,,,,,,,,,,,,,,,,
stadium,noun,A2,"a large, open area with seats around it, used for playing and watching sports",It's a very beautiful new stadium.,Unit 6,,,,,,,,,,,,,,,,,,,,,,
start,verb,A1,to begin doing something,start work,Unit 6,,,,,,,,,,,,,,,,,,,,,,
team,noun,A2,a group of people who play a sport or game together against another group of players,a football team,Unit 6,,,,,,,,,,,,,,,,,,,,,,
then,adverb,A1,"next, or after something has happened",Then we went to ...,Unit 6,,,,,,,,,,,,,,,,,,,,,,
train,noun,A1,"a long, thin vehicle which travels along metal tracks and carries people or goods",We could go by train.,Unit 6,,,,,,,,,,,,,,,,,,,,,,
tram,noun,A2,"an electric vehicle for carrying passengers, mostly in cities, which moves along metal lines in the road","There are no trams, but there are buses.",Unit 6,,,,,,,,,,,,,,,,,,,,,,
underground,noun,A2,a system of trains that is built under a city,the London Underground,Unit 6,,,,,,,,,,,,,,,,,,,,,,
wake up,phrasal verb,A1,to (cause to) become conscious after sleeping,"First, I wake up.",Unit 6,,,,,,,,,,,,,,,,,,,,,,
walk,verb,A1,to move forward by putting one foot on front of the other and then repeating the action,Layla walks to school.,Unit 6,,,,,,,,,,,,,,,,,,,,,,
week,noun,A1,a period of seven days,every week,Unit 6,,,,,,,,,,,,,,,,,,,,,,
asleep,adjective,B1,sleeping,The children are asleep.,Unit 7,,,,,,,,,,,,,,,,,,,,,,
bad,adjective,A1,not good or pleasant,bad weather,Unit 7,,,,,,,,,,,,,,,,,,,,,,
beach,noun,A1,an area of sand or rocks next to the sea,"In the afternoon, we go down to the beach.",Unit 7,,,,,,,,,,,,,,,,,,,,,,
boring,adjective,A1,not interesting or exciting,a boring job,Unit 7,,,,,,,,,,,,,,,,,,,,,,
by,preposition,A2,used to show the person or thing that does something,It's by (Shakespeare),Unit 7,,,,,,,,,,,,,,,,,,,,,,
called,verb,A1,be called sthg: to have a particular name,It's called ...,Unit 7,,,,,,,,,,,,,,,,,,,,,,
can't,modal verb,A1,cannot,"Sorry, I can't.",Unit 7,,,,,,,,,,,,,,,,,,,,,,
closed,adjective,A1,not open for business,The shops are closed.,Unit 7,,,,,,,,,,,,,,,,,,,,,,
conference,noun,B1,"a large, formal meeting, often lasting a few days, where people discuss their work, subjects they are studying, etc.",a conference on environmental issues,Unit 7,,,,,,,,,,,,,,,,,,,,,,
different,adjective,A1,not the same as someone or something else,"Jo's very different from her sister, isn't she?",Unit 7,,,,,,,,,,,,,,,,,,,,,,
few,determiner,B1,"a small number, not many or not enough",He is among the few people I can trust.,Unit 7,,,,,,,,,,,,,,,,,,,,,,
good,adjective,A1,enjoyable or nice,a good book,Unit 7,,,,,,,,,,,,,,,,,,,,,,
good,adjective,A1,of a high quality,The food at this restaurant is very good.,Unit 7,,,,,,,,,,,,,,,,,,,,,,
got,verb,A1,PAST of get,I got a job.,Unit 7,,,,,,,,,,,,,,,,,,,,,,
had,verb,A1,PAST of have,We had a very good meeting yesterday.,Unit 7,,,,,,,,,,,,,,,,,,,,,,
holiday,noun,A1,"a long visit to a place away from where you live, for pleasure",on holiday,Unit 7,,,,,,,,,,,,,,,,,,,,,,
ill,adjective,A2,"not feeling well, or suffering from a disease","He was in bed, ill.",Unit 7,,,,,,,,,,,,,,,,,,,,,,
in bed,phrase,A1,lying in bed,I read in bed.,Unit 7,,,,,,,,,,,,,,,,,,,,,,
interesting,adjective,A1,keeping your attention,an interesting person,Unit 7,,,,,,,,,,,,,,,,,,,,,,
last,adjective,A1,the most recent,last night,Unit 7,,,,,,,,,,,,,,,,,,,,,,
long,adjective,A1,continuing for a large amount of time,It's quite long.,Unit 7,,,,,,,,,,,,,,,,,,,,,,
listened,verb,A1,PAST of listen,I listened to the radio yesterday.,Unit 7,,,,,,,,,,,,,,,,,,,,,,
looked,verb,A1,PAST of look,I looked at family photos.,Unit 7,,,,,,,,,,,,,,,,,,,,,,
meeting,noun,A2,"when people come together for a reason, usually to talk about something",We're having a meeting on Thursday to discuss the problem.,Unit 7,,,,,,,,,,,,,,,,,,,,,,
met,verb,A1,PAST of meet,I met a friend in town.,Unit 7,,,,,,,,,,,,,,,,,,,,,,
movie,noun,A1,a story shown at the cinema or on television,a cowboy movie,Unit 7,,,,,,,,,,,,,,,,,,,,,,
no problem,phrase,A2,something that you say to mean you can or will do what someone has asked you to do,"Can you get me to the airport by 11.30? ""No problem.""",Unit 7,,,,,,,,,,,,,,,,,,,,,,
of course,phrase,A1,"used to say 'yes' strongly, often to be polite","Yes, of course.",Unit 7,,,,,,,,,,,,,,,,,,,,,,
of course,phrase,B1,used to show that what you are saying is obvious,"Yes, of course.",Unit 7,,,,,,,,,,,,,,,,,,,,,,
open,adjective,A1,A shop or business is open during the time it can do business.,Shops are open from about 9.00 in the morning.,Unit 7,,,,,,,,,,,,,,,,,,,,,,
phone,verb,A1,to speak to someone by telephone,phone friends,Unit 7,,,,,,,,,,,,,,,,,,,,,,
phoned,verb,A1,PAST of phone,I phoned a friend and we went into town.,Unit 7,,,,,,,,,,,,,,,,,,,,,,
put,verb,A2,to write something,put a tick,Unit 7,,,,,,,,,,,,,,,,,,,,,,
same,phrase,A1,exactly alike,the same,Unit 7,,,,,,,,,,,,,,,,,,,,,,
short,adjective,A2,A short book or other piece of writing has few pages or words.,a short book,Unit 7,,,,,,,,,,,,,,,,,,,,,,
stay,verb,A1,"to continue to be in a place, job, etc and not leave",stay at home,Unit 7,,,,,,,,,,,,,,,,,,,,,,
terrible,adjective,A2,very bad,a terrible accident,Unit 7,,,,,,,,,,,,,,,,,,,,,,
until,preposition,A1,continuing to happen before a particular time or event and then stopping,until 8.00,Unit 7,,,,,,,,,,,,,,,,,,,,,,
use,verb,A1,"If you use something, you do something with it for a particular purpose.",Can I use your computer?,Unit 7,,,,,,,,,,,,,,,,,,,,,,
walk,noun,A2,"a journey that you make by walking, often for enjoyment",go for a walk,Unit 7,,,,,,,,,,,,,,,,,,,,,,
was,verb,A1,PAST SIMPLE he/she/it of be,Maria was in hospital and Boris was on holiday.,Unit 7,,,,,,,,,,,,,,,,,,,,,,
wasn't,verb,A1,PAST SIMPLE NEGATIVE he/she/it of be,I wasn't at the meeting.,Unit 7,,,,,,,,,,,,,,,,,,,,,,
watched,verb,A1,PAST of watch,I watched TV.,Unit 7,,,,,,,,,,,,,,,,,,,,,,
went,verb,A1,PAST TENSE of go,I went to school.,Unit 7,,,,,,,,,,,,,,,,,,,,,,
were,verb,A1,PAST SIMPLE you/we/they of be,They were on holiday.,Unit 7,,,,,,,,,,,,,,,,,,,,,,
weren't,verb,A1,NEGATIVE PAST SIMPLE you/we/they of be,You weren't late.,Unit 7,,,,,,,,,,,,,,,,,,,,,,
wonderful,adjective,A2,very good,We had a wonderful time in Spain.,Unit 7,,,,,,,,,,,,,,,,,,,,,,
wrote,verb,A1,PAST TENSE of write,I worked on my computer and wrote some emails.,Unit 7,,,,,,,,,,,,,,,,,,,,,,
aeroplane,noun,A1,"PLANE, means of transport that flies from one city or country to another ",The aeroplane flies from London to Jeddah.,Unit 7,,,,,,,,,,,,,,,,,,,,,,
April,noun,A1,the fourth month of the year,Is it good to go to Dubai in April?,Unit 8,,,,,,,,,,,,,,,,,,,,,,
arrived,verb,A2,PAST of arrive,We arrived at the airport.,Unit 8,,,,,,,,,,,,,,,,,,,,,,
art gallery,noun,B1,a room or building that is used for showing paintings and other art to the public,I never go to art galleries.,Unit 8,,,,,,,,,,,,,,,,,,,,,,
August,noun,A1,the eighth month of the year,Is it good to go to Dubai in August?,Unit 8,,,,,,,,,,,,,,,,,,,,,,
bought,verb,A1,PAST of buy,I bought a new laptop.,Unit 8,,,,,,,,,,,,,,,,,,,,,,
building,noun,A2,"a structure with walls and a roof such as a house or factory, or the business of making these",beautiful old buildings,Unit 8,,,,,,,,,,,,,,,,,,,,,,
camping,noun,A2,when you stay in a tent for a holiday,I want to go camping in the Rocky Mountains.,Unit 8,,,,,,,,,,,,,,,,,,,,,,
cold,adjective,A1,having a low temperature,cold water/weather,Unit 8,,,,,,,,,,,,,,,,,,,,,,
December,noun,A1,the twelfth month of the year,December is a cold month in Britain.,Unit 8,,,,,,,,,,,,,,,,,,,,,,
desert,noun,A2,"a large, hot, dry area of land with very few plants",the Sahara Desert,Unit 8,,,,,,,,,,,,,,,,,,,,,,
did,verb,A1,PAST of do,Did you go to ...?,Unit 8,,,,,,,,,,,,,,,,,,,,,,
didn't,verb,A1,Contraction of did not,We didn't see ....,Unit 8,,,,,,,,,,,,,,,,,,,,,,
don't,auxiliary verb,A1,used to give a negative command,Don't write.,Unit 8,,,,,,,,,,,,,,,,,,,,,,
dry,adjective,A2,without rain,a dry summer,Unit 8,,,,,,,,,,,,,,,,,,,,,,
February,noun,A1,the second month of the year,"For skiing, go in February.",Unit 8,,,,,,,,,,,,,,,,,,,,,,
gold,noun,A2,"a valuable, shiny, yellow metal used to make coins, jewellery, etc.",The ring was made of solid gold.,Unit 8,,,,,,,,,,,,,,,,,,,,,,
hostel,noun,B1,"a cheap hotel, where you can live when you are away from home",a student hostel,Unit 8,,,,,,,,,,,,,,,,,,,,,,
hot,adjective,A1,very warm,a hot summer's day,Unit 8,,,,,,,,,,,,,,,,,,,,,,
January,noun,A1,the first month of the year,"For skiing, go in January.",Unit 8,,,,,,,,,,,,,,,,,,,,,,
July,noun,A1,the seventh month of the year,It's dry and sunny from December to July.,Unit 8,,,,,,,,,,,,,,,,,,,,,,
June,noun,A1,the sixth month of the year,"From June to September, it's very hot.",Unit 8,,,,,,,,,,,,,,,,,,,,,,
kebab,noun,,"small pieces of meat or vegetables cooked on a long, thin stick","We had kebabs, bread and salad.",Unit 8,,,,,,,,,,,,,,,,,,,,,,
March,noun,A1,the third month of the year,What's Rome like in March?,Unit 8,,,,,,,,,,,,,,,,,,,,,,
market,noun,A2,"a place where people go to buy or sell things, often outside",a fish/flower market.,Unit 8,,,,,,,,,,,,,,,,,,,,,,
May,noun,A1,the fifth month of the year,It's usually warm in May.,Unit 8,,,,,,,,,,,,,,,,,,,,,,
month,noun,A1,one of the twelve periods of time that a year is divided into,Next month will be very busy.,Unit 8,,,,,,,,,,,,,,,,,,,,,,
mountain,noun,A2,"a raised part of the Earth's surface, much larger than a hill, the top of which might be covered in snow",The Matterhorn is one of the biggest mountains in Europe.,Unit 8,,,,,,,,,,,,,,,,,,,,,,
museum,noun,A1,"a building where you can look at important objects connected with art, history, or science",There is a big museum in Doha.,Unit 8,,,,,,,,,,,,,,,,,,,,,,
next,adjective,A1,coming after this one,next week,Unit 8,,,,,,,,,,,,,,,,,,,,,,
November,noun,A1,the eleventh month of the year,It's cold in Britain in November.,Unit 8,,,,,,,,,,,,,,,,,,,,,,
October,noun,A1,the tenth month of the year,What's the south of Mexico like in October?,Unit 8,,,,,,,,,,,,,,,,,,,,,,
pot,noun,B1,"a round container, usually used for keeping things or cooking",coffee pot,Unit 8,,,,,,,,,,,,,,,,,,,,,,
pyramid,noun,,a shape with a square base and four triangular sides that meet to form a point at the top,The Pyramids are in Giza near Cairo.,Unit 8,,,,,,,,,,,,,,,,,,,,,,
sat,verb,A1,PAST of sit,We sat by the Nile.,Unit 8,,,,,,,,,,,,,,,,,,,,,,
September,noun,A1,the ninth month of the year,"From June to September, it's very hot.",Unit 8,,,,,,,,,,,,,,,,,,,,,,
sightseeing,noun,A2,the activity of visiting interesting or beautiful places,a sightseeing tour of London,Unit 8,,,,,,,,,,,,,,,,,,,,,,
sit,verb,A1,"to be in a position with the weight of your body on your bottom and the top part of your body up, for example, on a chair",Emma was sitting on a stool.,Unit 8,,,,,,,,,,,,,,,,,,,,,,
skiing,noun,A2,when you move over snow wearing skis,"For skiing, go in January.",Unit 8,,,,,,,,,,,,,,,,,,,,,,
summer,noun,A1,"the warmest season of the year, between spring and autumn",We usually go away in the summer.,Unit 8,,,,,,,,,,,,,,,,,,,,,,
sunny,adjective,A2,bright because of light from the sun,a lovely sunny day,Unit 8,,,,,,,,,,,,,,,,,,,,,,
swimming,noun,A2,moving through water by moving your body,The doctor recommended swimming as the best all-round exercise.,Unit 8,,,,,,,,,,,,,,,,,,,,,,
things,noun,A2,"used to refer to an idea, event or activity",things to do,Unit 8,,,,,,,,,,,,,,,,,,,,,,
top,adjective,B1,"the best, most important, or most successful",top five things,Unit 8,,,,,,,,,,,,,,,,,,,,,,
trip,noun,A2,a journey in which you visit a place for a short time and come back again,a business trip,Unit 8,,,,,,,,,,,,,,,,,,,,,,
uncle,noun,A2,"the brother of your mother or father, or the husband of your aunt",I've got an uncle who lives there.,Unit 8,,,,,,,,,,,,,,,,,,,,,,
visit,verb,A1,to go somewhere to see someone or a place,Did you visit St Petersburg while you were in Russia?,Unit 8,,,,,,,,,,,,,,,,,,,,,,
visited,verb,A1,PAST of visit,We visited my brother.,Unit 8,,,,,,,,,,,,,,,,,,,,,,
walking,verb,A1,PRESENT PARTICIPLE of walk,I often go walking.,Unit 8,,,,,,,,,,,,,,,,,,,,,,
warm,adjective,A1,having a temperature between cool and hot,It's nice and warm in here.,Unit 8,,,,,,,,,,,,,,,,,,,,,,
weather,noun,A1,"the temperature or conditions outside, for example if it is hot, cold, sunny, etc",bad/good weather,Unit 8,,,,,,,,,,,,,,,,,,,,,,
wet,adjective,A2,raining,a wet and windy day,Unit 8,,,,,,,,,,,,,,,,,,,,,,
What … like?,phrase,A2,something you say when you want someone to describe someone or something,What was it like?,Unit 8,,,,,,,,,,,,,,,,,,,,,,
winter,noun,A1,"the coldest season of the year, between autumn and spring",We went skiing last winter.,Unit 8,,,,,,,,,,,,,,,,,,,,,,
Arabic,noun,A1,the language Arab people speak,They speak Arabic in the Arabian Gulf.,Unit 9,,,,,,,,,,,,,,,,,,,,,,
coming,verb,A1,PRESENT PARTICIPLE of come,Two friends are coming for dinner.,Unit 9,,,,,,,,,,,,,,,,,,,,,,
could,modal verb,B1,used for making a suggestion,We could see a film.,Unit 9,,,,,,,,,,,,,,,,,,,,,,
country,phrase,A2, short for COUNTRYSIDE the areas that are away from towns and cities,drive into the country,Unit 9,,,,,,,,,,,,,,,,,,,,,,
do,verb,A1,to perform an action or job,What are you doing?,Unit 9,,,,,,,,,,,,,,,,,,,,,,
doing,verb,A1,PRESENT PARTICIPLE of do,What are you doing?,Unit 9,,,,,,,,,,,,,,,,,,,,,,
going,verb,A1,PRESENT PARTICIPLE of go,I'm just going to a meeting.,Unit 9,,,,,,,,,,,,,,,,,,,,,,
hairdresser,phrase,B1,"the place where you go to have your hair cut, coloured, etc",He's going to the hairdresser.,Unit 9,,,,,,,,,,,,,,,,,,,,,,
having,verb,A1,PRESENT PARTICIPLE of have,He's having a party.,Unit 9,,,,,,,,,,,,,,,,,,,,,,
I'd,short for,A1,I would,I'd love to.,Unit 9,,,,,,,,,,,,,,,,,,,,,,
idea,noun,A2,a suggestion or plan,That's a good idea.,Unit 9,,,,,,,,,,,,,,,,,,,,,,
just,adverb,A2,a very short time ago,We just had a baby.,Unit 9,,,,,,,,,,,,,,,,,,,,,,
just,adverb,A2,now or very soon,I'm just going to a meeting.,Unit 9,,,,,,,,,,,,,,,,,,,,,,
later,adverb,A2,after some time,I'll call you later.,Unit 9,,,,,,,,,,,,,,,,,,,,,,
love,verb,A2,to like something very much,I'd love to.,Unit 9,,,,,,,,,,,,,,,,,,,,,,
midday,noun,A2,12 o'clock in the middle of the day,Beware the heat of the midday sun.,Unit 9,,,,,,,,,,,,,,,,,,,,,,
picnic,noun,A1,food that you take from your home to eat outside,We're going to have a picnic down by the lake.,Unit 9,,,,,,,,,,,,,,,,,,,,,,
playing,verb,A1,PRESENT PARTICIPLE of play,The football team are playing well today.,Unit 9,,,,,,,,,,,,,,,,,,,,,,
really,adverb,A1,very or very much,I'm really busy,Unit 9,,,,,,,,,,,,,,,,,,,,,,
swimming pool,noun,A1,an area of water that has been made for people to swim in,Sit by the swimming pool.,Unit 9,,,,,,,,,,,,,,,,,,,,,,
that,pronoun,A1,used to mean something that is not near you,That's a nice photo.,Unit 9,,,,,,,,,,,,,,,,,,,,,,
theatre,noun,A2,a building with a stage where people go to watch plays,the Shakespeare Theatre,Unit 9,,,,,,,,,,,,,,,,,,,,,,
this ,determiner,A1,"used to mean the present week, month, year, etc or the one that comes next",this week,Unit 9,,,,,,,,,,,,,,,,,,,,,,
watching,verb,A1,PRESENT PARTICIPLE of watch,The children are watching TV.,Unit 9,,,,,,,,,,,,,,,,,,,,,,
working,verb,A1,PRESENT PARTICPLE of work,I'm working next Saturday.,Unit 9,,,,,,,,,,,,,,,,,,,,,,
would,verb,A1,used as a more polite form of will in requests and offers,Would you like to come?,Unit 9,,,,,,,,,,,,,,,,,,,,,,
after,preposition,A1,when a time or event has happened,What did you do after school?,Unit 10,,,,,,,,,,,,,,,,,,,,,,
after,conjunction,A1,at a later time than something else happens,After they got married ...,Unit 10,,,,,,,,,,,,,,,,,,,,,,
became,verb,A2,past of become,He became a manager last year.,Unit 10,,,,,,,,,,,,,,,,,,,,,,
born,verb,A2,"When a person or animal is born, they come out of their mother's body and start to exist",Claudia was born in 1985.,Unit 10,,,,,,,,,,,,,,,,,,,,,,
cleaner,noun,A2,"someone whose job is to clean houses, offices, and other places",She was a cleaner.,Unit 10,,,,,,,,,,,,,,,,,,,,,,
decide,verb,A2,to choose something after thinking about several possibilities,They have to decide by next Friday.,Unit 10,,,,,,,,,,,,,,,,,,,,,,
died,verb,A1,PAST of die,She died in 1954.,Unit 10,,,,,,,,,,,,,,,,,,,,,,
Egyptian,adjective,,coming from or relating to Egypt,She was an Egyptian singer.,Unit 10,,,,,,,,,,,,,,,,,,,,,,
far,adverb,A2,used to talk about how distant something is,How far is the town centre?,Unit 10,,,,,,,,,,,,,,,,,,,,,,
get,verb,A2,to become ill/rich/wet etc,get married,Unit 10,,,,,,,,,,,,,,,,,,,,,,
grew up,verb,A2,PAST of grow up,I grew up in Canada.,Unit 10,,,,,,,,,,,,,,,,,,,,,,
grow up,verb,A2,to become older or an adult,My children are growing up.,Unit 10,,,,,,,,,,,,,,,,,,,,,,
how,adverb,A1,"used to ask about quantity, size, or age",How far is the town centre?,Unit 10,,,,,,,,,,,,,,,,,,,,,,
irregular,adjective,B1,"in grammar, an irregular verb, noun, adjective, etc. does not obey the usual rules for words in the language.",a table of irregular verbs,Unit 10,,,,,,,,,,,,,,,,,,,,,,
journey,noun,A2,when you travel from one place to another,a train journey,Unit 10,,,,,,,,,,,,,,,,,,,,,,
leader,noun,B1,"a person in control of a group, country, or situation",a community leader,Unit 10,,,,,,,,,,,,,,,,,,,,,,
left,verb,A1,PAST of leave,I left school.,Unit 10,,,,,,,,,,,,,,,,,,,,,,
lived,verb,A1,PAST of live,"As a child, she lived in a small village.",Unit 10,,,,,,,,,,,,,,,,,,,,,,
long,adjective,A1,used when asking for or giving information about the distance or time of something,How long were you in ...?,Unit 10,,,,,,,,,,,,,,,,,,,,,,
lose,verb,B1,to stop having someone or something that you had before, I often lose my keys.,Unit 10,,,,,,,,,,,,,,,,,,,,,,
lost,verb,B1,PAST of lose,He lost his job.,Unit 10,,,,,,,,,,,,,,,,,,,,,,
marry,verb,B1,to become the legally accepted husband or wife of someone in an official or religious ceremony,She married Fahad Hafeez.,Unit 10,,,,,,,,,,,,,,,,,,,,,,
mean,verb,A2,to have a particular meaning,What does ...mean?,Unit 10,,,,,,,,,,,,,,,,,,,,,,
Mexican,adjective,,coming from or relating to Mexico,She was a Mexican painter.,Unit 10,,,,,,,,,,,,,,,,,,,,,,
move,verb,B1,"If a person or an organization moves, they go to a different place to live or work.",Our company is moving to Dubai.,Unit 10,,,,,,,,,,,,,,,,,,,,,,
moved,verb,B1,PAST of move,I moved to London.,Unit 10,,,,,,,,,,,,,,,,,,,,,,
musician,noun,B1,"someone who plays a musical instrument, often as a job",a classical musician,Unit 10,,,,,,,,,,,,,,,,,,,,,,
paint,verb,A1,to produce a picture of someone or something using paint,He is painting a beautiful picture.,Unit 10,,,,,,,,,,,,,,,,,,,,,,
painted,verb,A1,PAST of paint,She painted a picture.,Unit 10,,,,,,,,,,,,,,,,,,,,,,
painter,noun,A2,someone who paints pictures,He was an Italian painter.,Unit 10,,,,,,,,,,,,,,,,,,,,,,
pilgrimage,noun,,a journey to a place that is important for religious reasons,He is going on a pilgrimage to Makkah.,Unit 10,,,,,,,,,,,,,,,,,,,,,,
probably,adverb,A2,used to mean that something is very likely,I'll probably be home by midnight.,Unit 10,,,,,,,,,,,,,,,,,,,,,,
regular,adjective,B1,following the usual rules or patterns in grammar,Talk' is a regular verb but 'go' is not.,Unit 10,,,,,,,,,,,,,,,,,,,,,,
salesman,noun,B1,someone whose job is selling things,He worked as a salesman.,Unit 10,,,,,,,,,,,,,,,,,,,,,,
singer,noun,A2,someone who sings,Mohammed Abdu is a Saudi singer.,Unit 10,,,,,,,,,,,,,,,,,,,,,,
sold,verb,A2,PAST of sell,He sold computers.,Unit 10,,,,,,,,,,,,,,,,,,,,,,
studied,verb,A1,PAST of study,I studied business.,Unit 10,,,,,,,,,,,,,,,,,,,,,,
travel,verb,A1,to make a journey,He travelled by train to India.,Unit 10,,,,,,,,,,,,,,,,,,,,,,
writer,noun,B1,"someone whose job is writing books, stories, articles, etc",He was a Russian writer.,Unit 10,,,,,,,,,,,,,,,,,,,,,,
,,,,,,,,,,,,,,,,,,,,,,,,,,,
